age,bmi,exercise_hours,junk_food_score,sleep_hours,healthy
56,36.368465209584585,0.10086015980607232,7,6.217512181700162,0
46,39.656847975478144,4.478045469107061,9,7.730329050266566,1
32,29.565184010659088,4.219196976981411,6,7.330272023657573,1
25,21.776944288662676,5.7548289789532685,1,6.979865789232285,1
38,23.990761183426116,7.122064424142417,7,3.4142395030447927,1
56,18.40459488404427,0.6352526771442362,3,7.429618274630548,1
36,38.11457374433098,5.851971922722899,5,8.382440311998177,0
40,20.590523823583105,1.4992955527806577,4,9.958571582519028,0
28,30.68336246131358,6.865416425257312,5,3.0775498681601676,0
28,24.029214855118532,6.552508110893249,5,8.111214173174737,1
41,30.191916055347455,4.326350039884355,6,7.0025252115518635,1
53,32.33124854374101,5.681942388986492,6,6.038365232566697,1
57,36.254319681558435,2.514800905469987,8,3.892991221999596,0
41,22.54126797873327,3.769343191462517,8,5.863596040444134,1
20,18.24190823048657,6.573095181683773,9,5.480640280902947,1
39,21.01148386151376,3.674121577385711,8,5.119809222851195,1
19,37.80041012065831,2.8623861226035343,2,8.116157363255454,0
41,37.22558170637534,3.953699578002399,1,7.905078648989846,0
47,31.143088247746782,6.625994019497747,2,7.123140636866381,1
55,31.211370929540372,2.681664378966982,2,9.570653693053606,0
19,32.63080684001762,1.3900927450859504,3,5.448980689265982,0
38,21.858168129715892,5.696112162646246,7,4.706613563971256,1
50,38.11706281034911,6.607825701664654,2,7.591323191688797,1
29,27.212951547625607,0.8050998281882666,1,4.39169842656182,0
39,26.429047621488944,1.9189929020475578,6,5.205073550283972,0
42,29.416189516222424,1.1357759180879512,9,4.572217080524194,0
44,19.03325126905121,2.783531292657333,3,3.4840749740295087,0
59,21.658234112633746,3.602807831243301,6,8.792491191449713,1
45,34.23673956138015,5.990610695706452,3,4.781783800451628,0
33,19.821570694352783,5.209180679053393,1,6.311192523401145,1
32,31.26934640826054,4.967428539827449,5,3.3032069127801837,0
20,23.39768041298906,2.8189995728772352,4,7.895376263768502,0
54,26.564503508923483,6.7315804246780795,7,5.313927016144036,1
24,24.351262208955397,3.7702973391853165,6,8.213157094804469,1
38,25.82479976222888,7.832839504121236,7,5.886821423275062,1
26,33.8190099140534,5.073137106365895,5,4.370289244839372,0
56,24.536677743709852,1.0101179325160219,4,6.592225575974251,0
35,30.46090208653174,5.409420496603472,7,3.9135319174620786,0
21,28.473108848380193,2.600832123453592,7,6.083774119110963,0
42,32.600765637978256,5.490617573488779,6,5.221138341943406,0
31,38.610254265144675,0.5571291852992459,8,9.383717089397432,0
26,34.11658613862551,1.399051497407675,4,3.4265010520450394,0
43,22.728688328996647,6.845898071246291,5,7.858121898740194,1
19,18.686028971348264,1.817436456188119,4,4.279258161912051,0
37,23.769808974596152,6.69632900194352,1,5.233315520325679,1
45,31.091714475405606,2.2342087076352835,8,5.908598441434462,0
24,19.131367896653508,5.143055280469661,1,9.35610562562482,1
25,28.9200574384272,5.553204588078648,5,4.698047862516776,0
52,31.130542676171565,4.1012380251604235,6,3.6391616178126913,0
31,25.353365597973138,2.4424854135738503,6,5.230827227933665,0
34,34.96006848240808,1.701155010968769,5,3.7327317937487337,0
53,20.34516156894298,0.26551483649940977,3,3.9001754017238675,0
57,19.653031198187794,2.4315712099257905,5,7.0169541858251865,1
21,34.020152636479274,5.225302324250264,8,3.4263135316964535,0
19,28.900808956536366,7.506438547587861,2,3.2165161697549625,0
23,33.14485272141019,6.969635858104416,6,8.000898710293484,1
59,27.566201449282417,6.128518212282421,9,5.531529663887312,0
21,23.42084473126035,6.3075787460263895,8,3.877627444637113,1
46,36.020250988832395,5.319879227807962,8,4.775289396017958,0
35,35.58714933731754,2.082294860528024,8,7.494605551466793,0
43,33.28332235879739,7.257560245646639,7,4.928755969985958,0
51,23.98719301905918,5.365858495246672,8,6.461647875842855,1
27,30.985074671119918,4.48352504784352,6,3.851867147086706,0
53,25.94142573268059,0.8879157537078486,2,7.1166554632381285,1
31,20.014805613185953,3.5764443504514034,2,5.212543786902849,1
48,38.18089866016934,3.6828661696154104,8,7.3887790417010155,1
32,21.01000988021715,6.91650887618136,1,8.65876417612816,1
25,38.90522178405765,4.373185761502308,6,7.281524935729947,0
31,27.812127005075027,3.043204391763277,6,5.0702329381651445,0
40,22.072924434449632,7.814402628085275,4,4.790205910838103,1
57,29.92182084232388,0.8857647466105254,3,5.291946711134136,0
38,37.204808389280984,3.380387426495557,3,4.152343592655534,0
33,34.10894750101035,0.3361974013712423,1,4.268202955950141,0
35,35.744345252951895,5.919232966135443,3,8.534837713301176,0
41,32.49323406763578,7.344612417593205,4,5.693128035552115,0
43,33.23008441939275,2.2402986364039155,5,6.051966263994101,0
42,36.68230433443702,6.866733414392967,3,7.158346258967678,0
58,23.49269619490209,2.337745843695182,6,7.127574466060834,0
46,28.76734920014909,7.286161293151322,5,3.47163810065348,0
32,22.866607720031247,6.0316952287742716,3,8.82078550436366,1
18,39.72869617592623,6.439254214731509,6,4.241285872567576,0
42,38.76930547310549,0.144052444803636,6,8.061501452347681,0
24,18.86738985010713,7.702482856592208,8,8.408696916897167,1
26,33.52265379534515,5.813367936562586,2,8.004296738639196,0
41,38.35546298314465,2.4380087630890666,1,7.052843525879016,0
18,21.972657592801337,6.6351573188707755,4,3.10226297976218,1
25,30.49479507215785,2.2521695873194396,7,5.522628446542194,0
41,38.14074254693692,6.982030716529024,3,7.233876005538068,0
28,18.746811528887573,0.9006431232954961,3,5.712159071457771,0
34,33.34324587943048,5.629487819686366,5,9.04435926438969,0
25,24.541678162196117,4.325587813159283,5,5.161615927447308,1
52,38.33671629828367,0.7722757615635265,3,5.054743547210623,0
52,39.36328139363809,1.9351506260707119,9,4.861983851648606,0
50,38.77386276049555,0.09923229021851832,4,5.329466082725569,0
22,28.432712766464203,3.7501437237160467,3,6.90183475019931,0
59,36.96493832176489,2.410122086080003,2,7.949107059908136,0
56,36.58008676777155,4.7868598743820705,9,7.637975424171495,0
58,25.020210411351623,2.3779024616689375,4,8.654024739870358,0
45,36.2361404313149,2.3993528920558775,3,9.201397968481974,0
24,18.814167963740836,5.945545589852827,7,8.71255329640346,1
26,31.117937326605166,0.3851426878268276,8,3.132617823620482,0
25,23.060194420329466,7.223159961535898,2,8.151425674863921,1
29,20.652471487100133,6.818110995129452,7,4.458797015328321,1
51,19.6929704358426,5.342437465811252,5,3.9304962989558785,1
50,33.31835306931907,4.745772560859074,5,7.4694214935939485,1
40,25.477249202897454,7.138419985117218,3,5.238202367853864,1
41,33.94486897363275,1.4826414362297156,5,3.399820143593103,0
54,19.437839497576732,0.6317532975266289,2,3.9634081407885295,0
52,24.936387432273428,1.9160813592763049,4,3.0065059180897276,0
57,29.868808432257417,6.356626229601522,6,9.322565391412951,1
39,35.3959096264572,0.2773621338118666,1,3.17232588688867,0
44,25.012555064505538,4.662454680667917,4,4.466190386566577,1
52,31.7696102816142,7.9635001295304795,6,5.913839464815352,0
18,37.491510461196114,6.845568750700315,9,5.495999281655734,0
52,31.5489901400107,4.171565512348716,2,9.382081138389431,1
54,23.125108444579944,0.5091272742931388,7,3.282022620141795,0
31,18.536817194243838,6.650988115085679,6,6.585502953739361,1
20,37.14217522582046,4.791828065417684,2,7.763356237670617,1
18,18.467927038708517,0.9194639764765347,8,9.521885815768181,1
22,37.24343679905239,0.7508582785868496,7,7.342598764866047,0
43,29.636616948598665,7.277014555492739,5,8.626286652082339,1
31,38.65948936728371,5.3536021035046275,5,3.586074564917439,0
56,35.57323118702064,6.634294394534044,7,5.701576576558491,0
44,39.95455043173342,7.031831202258139,9,5.6176299413534725,0
26,25.715659939937623,4.574178816386578,9,9.204017515190024,1
32,34.87814235648479,4.13957081404033,9,4.059598198842925,0
32,26.84248009940333,3.4434192825679215,6,4.063203206356412,1
43,28.557263646685996,2.5355727023289543,6,5.2999070492005895,0
59,31.805120190804143,3.476767686869694,3,3.381262331567863,0
30,37.22089651209946,6.191037245841251,1,4.277206284567431,0
49,39.64983632238449,4.815387448121053,7,9.756467469820146,0
56,34.9020151050194,7.140186319638769,4,5.9972875790702105,0
49,27.190869207681345,3.547040115033502,1,7.424134458957055,1
21,27.269854050095546,4.856716629750032,8,8.082778815412459,0
47,34.22681063495561,5.05046042473591,6,5.568729849050404,0
54,23.253097206902652,4.733577298450604,6,4.030589520873619,1
40,20.430430488890682,5.621070184684131,2,4.446067113552466,1
56,25.801687468097086,1.8994677469984502,1,5.192865336064273,0
32,24.319257816389797,4.098910220366325,2,7.4524789424655795,1
46,24.518778650031784,0.8337984224667814,4,5.7879638436233805,0
53,23.13937052309802,3.0760906211585004,2,3.0477028853008967,1
30,18.92605017199996,3.9013365489701153,1,6.663850295472303,1
49,18.393226564135105,5.21779407636378,7,9.450593743351925,1
24,39.72989257419269,7.604248420689628,8,8.684543277060754,0
39,27.41100894218897,4.805208532386847,6,8.776479598817417,1
45,26.455186237512997,5.948751329412478,4,8.56540612324292,1
19,32.952240219247535,4.050128475961622,6,5.266115779272965,0
59,22.801585533031414,5.0728322510106505,3,8.356356836280744,1
23,38.89914604690496,0.5674577290701874,8,4.002129504678351,0
45,35.29959031714215,2.035132646734776,2,7.604013030931674,0
45,19.967042050869708,2.8948247456411096,5,7.490979966794961,1
37,27.186777067268423,3.7799468400521086,1,3.1789885936281426,0
47,37.340602766367624,0.3651899640190699,6,8.515790935136522,0
28,38.784104490411025,1.1201927804265415,2,9.322736735665913,0
45,28.282833247497134,2.2145144623304462,4,4.871906949304753,0
42,31.49505056263557,7.772261527208405,6,8.686735069303056,0
56,21.674746814025653,2.650776056824406,8,3.5768418030336373,0
50,39.80570977501348,3.8563284648966603,8,7.199775007827462,0
18,23.096777430435754,1.5687817019071435,6,6.39952805733994,0
44,38.740099030972765,4.886240568606146,4,6.821464733163,1
30,32.29222627783211,2.2454657241277944,8,9.483436413190415,0
58,31.3702094873349,1.6559406275074142,8,9.099206730727975,0
20,29.279147242363187,4.1325810275678325,1,8.4955856006783,0
56,23.074735857790692,0.04404639328336657,4,4.915889203748597,0
23,21.88361670412118,0.06131226119380262,4,9.382730400802641,1
25,22.85069659954386,1.7525504728148622,7,3.6825538472471266,0
44,22.1016417671736,0.29377090000656914,7,8.973304515911515,0
26,35.15085841846857,0.864206033045531,8,5.297120506475254,0
54,25.70275570166806,2.7108851947100128,5,3.3764061816338837,0
50,19.27253888439472,6.420685436638503,7,7.685498889685238,1
59,39.32025786309785,4.576389146954407,8,4.618959498211688,0
41,37.44328946919536,4.101341807651331,9,4.704997881052424,0
32,38.41055023029469,2.347910585664973,3,5.1423301636014,0
49,39.88797209822158,7.454029755462531,3,3.445793372517617,0
49,21.82569548282872,3.1761203298975333,4,4.2398900093877785,1
41,26.717324415858492,0.6967421343661719,5,3.0359773930989222,0
58,34.681246465490005,4.93653212894241,1,6.117866647740508,1
29,33.31245359718343,0.9107071478128113,7,3.589787641925799,0
56,21.38570993947681,2.7617851424135367,9,7.778568235309393,0
19,35.94832874979359,4.059295509742471,8,4.649359958341538,0
20,22.937692580406534,6.9937801974814064,5,9.60501900824624,1
54,22.923987526097708,3.9483726427209493,4,9.098761391790568,1
34,29.8134373036551,5.618070128253314,7,5.026086264777458,0
19,31.04467856651747,7.942534711992563,5,8.482508182596751,0
19,30.761896572431844,1.051912959183853,7,8.622714332653644,0
45,20.012710422750608,2.197852204156156,1,9.905941798800873,1
40,37.30413897786837,3.1566086047811712,1,7.184879907919795,1
54,23.843200936951533,3.374625428310651,3,3.5737601425056353,1
49,20.84932826822169,3.288168602124366,2,7.527860602484667,1
50,37.552457757117494,7.260888020452439,2,7.374858238632246,0
18,39.024332961054576,5.7122611557348515,7,7.468454041943023,0
36,36.96680757983991,4.86324171272563,2,5.150019536729481,0
19,35.80935364394732,2.4749817429022567,4,9.017757095562331,0
43,32.415323574058476,6.5903230737703575,2,9.716305280687884,1
49,30.118862153401064,7.6404840918799115,6,4.52398759084706,0
23,19.913708718051023,6.569586260401812,8,3.6170651069565114,1
49,26.985970687555373,0.012520841531783233,4,4.361745232179389,0
21,26.199147374270908,5.091210961467256,5,8.743864974790032,1
28,23.714583242727176,0.4090830515368058,4,7.736512443738932,1
34,33.91524250114887,2.060857762669775,3,7.452331396373887,0
55,28.90926617173296,0.4761976027821735,5,5.812551945765971,0
41,19.783016749968255,4.830363623595102,9,7.04479580058005,1
22,22.84403044289585,5.492719307940854,8,5.155118876920572,1
51,33.03169280051111,0.9159011045272409,8,6.340400555925729,0
23,19.674878908786603,3.070711064359836,8,8.551441198594592,1
39,36.72655210907291,3.649892071644336,8,9.868691182188236,1
28,28.893223594307436,2.9524241740873327,7,9.527422465128613,0
33,28.572904701186257,0.9682000038815444,8,9.537061599923742,0
50,31.032971262509385,3.3515823214998033,8,5.815566143929787,0
26,36.14298125035328,6.009424382467345,8,6.281529163547536,0
23,25.651802573848247,0.5680613162660437,7,7.939447774582871,0
33,32.9163553562994,0.6414401126552276,1,9.455343496358989,0
46,30.446103207907406,2.8381703346878737,4,3.9939598154645926,0
20,23.87462194372727,7.5338056929514,4,5.12969304679037,1
37,37.329859699813476,5.348581173783312,5,3.974727912158767,0
53,35.54337247535241,5.429359653380518,6,7.284059709716187,0
36,32.48594036248536,2.8953599267029198,4,5.144106978212763,0
43,36.712798040073324,4.749286329668307,2,5.282754967588014,0
20,37.08047242111565,0.08104947222194703,6,3.496411716415855,0
36,33.583985487730764,5.088768371276338,8,5.448572432653144,0
37,36.41429322400079,7.306295580609894,8,9.037475551811097,1
49,33.34437215672424,4.9005877467585535,7,4.631509683235844,0
24,32.96309697872661,6.98958874773076,6,7.866312263470459,0
58,31.609450320734055,5.7917844437287505,2,7.407398414570149,0
50,34.55976607026811,0.964467331229522,7,9.044392258583807,0
57,21.48931231644762,7.219626458286734,5,3.9260156335572676,1
56,37.37915670237643,0.5315507548461991,6,9.843129722415302,0
35,37.180557610395105,4.27173978038211,8,7.078400522282559,0
57,18.6434402267603,1.1370969903476613,8,9.9683190664277,1
18,36.16796851242478,0.09365288584723253,3,9.380603081060956,0
28,20.835137084415795,3.376274081021112,7,4.5506209047917405,1
45,25.37261479370112,2.36032566123325,1,3.3931340693231915,0
42,34.35718163841537,3.888003950380824,1,4.78947365656753,0
40,21.53671771306278,4.617599093876406,7,6.69294554299594,1
48,35.99527453061937,0.34991257847157886,9,4.20117456945633,0
47,36.30695191507032,0.9840263609899651,7,4.172218211625919,0
59,29.164290142738395,4.469139171603403,5,6.238154829736072,1
52,18.140489177770338,2.745338825381266,8,3.2328757981855087,0
24,24.31483892984808,5.833387900395584,2,3.853216577725893,1
33,31.57239220426633,5.218333188735517,9,5.911029375855633,0
43,39.58609591660331,6.764834903919255,6,3.441909364455765,0
19,31.899897594366706,5.539942613353802,9,5.777285395188706,0
18,23.715678783411516,3.439448619121185,2,6.318043861639115,1
29,31.94812546819145,5.383732979155459,3,6.158866298511801,1
22,29.879678353748822,2.203049394043348,8,9.08422400182161,0
54,35.15659869332516,2.4505079902257014,1,6.710437185362127,0
49,20.353574054193086,6.311881279366347,7,6.275863237346304,1
26,34.74261385504462,3.5713561312126574,7,5.874964717741664,0
58,29.907864730874426,6.38704272414682,1,8.723363648131404,1
52,39.18582408489788,6.579378989346227,9,9.265396227998831,1
36,25.521187652851093,6.86049870129027,8,8.972697284379823,1
33,31.91768164894686,7.3330818867296585,4,7.714826046919736,0
20,38.504618321220384,3.44788176410637,5,3.9615322217807196,0
37,20.255214015794945,2.5509345465691107,2,4.938089786444086,0
41,38.619026719201926,4.657589972752911,9,3.3224414457738423,0
50,33.13348589061789,2.9693793875010206,6,9.515768524930799,0
41,19.49241530031378,4.808593334401864,3,7.625589707836372,1
28,24.62119847282996,5.644686901150597,7,8.224540190192691,1
25,33.5797859501962,5.507240147937095,9,5.1810021770756025,0
53,19.481713232312977,2.996423096160971,3,8.919574655941396,0
55,30.807750123878012,1.3348816135900226,2,4.81722298595935,0
57,25.609427252965048,3.4442347076976603,7,3.011506299787148,1
37,31.660141390884498,1.1407531526552699,7,5.634904737644858,0
52,19.006324743875282,7.120776281470467,4,6.995330366713514,1
42,37.17380973535228,2.7670196859028593,9,6.350934005758658,0
52,39.416757321902736,1.2356779777865903,8,9.03453299803618,0
42,39.315312816285214,0.20358207924600702,1,3.7378370016931686,0
46,34.492340298344345,5.166579090291874,1,6.876764084436079,1
35,20.861897282873905,5.095218539637946,5,6.5908554487463515,1
35,34.6817903104385,2.7248333326503333,6,4.969750875205142,0
19,18.540912162093633,0.573695110781208,3,8.755596788039075,1
52,18.48671813363794,3.277031159161856,9,8.269940591175445,1
33,25.119424821289908,2.4897399605071486,6,8.130014311322817,1
58,28.750150188902644,5.416965117880075,4,9.133347347886893,1
53,34.948963191771455,4.846233995621523,7,8.059492204350647,0
50,33.03249828534312,2.91674982558032,8,4.622889042003085,0
21,27.809859540288464,1.7431404340399208,9,7.938938981547838,0
50,24.01978665819665,7.904287729244735,6,5.153919693728907,1
31,39.93673900346965,3.632012969568919,6,4.695222552432294,0
38,27.375988649191406,5.506193886241896,8,3.5110251502973915,0
37,27.93051453525286,1.1244237406268862,5,8.208200062433736,0
25,21.599724066216723,3.8847175972751824,3,7.977006733648679,1
24,35.485810072498445,0.2202937589557239,3,4.641496343718656,0
20,33.26100896719275,4.0436409432836,6,8.245653117069093,1
34,22.856931481352728,7.712139256941619,2,9.424886181654871,1
50,19.81238300354854,3.073653703886402,6,3.7562027024410547,1
29,32.97098464564369,0.3119681005992927,6,4.628456468707425,0
39,32.399246714184976,0.24764632735474823,8,8.251825558611209,0
39,24.011709593960603,3.103894079574956,7,4.921546714549548,1
47,38.918998369509026,1.2801994917055524,8,7.3726478199860175,0
55,21.323273619179805,0.1868167706254873,9,3.5681495712460016,0
55,27.51136562293724,6.049708911601415,6,6.165417353724771,0
25,38.75955024368717,3.6681840710551255,3,8.173639953950673,0
44,27.23400097237469,2.313958175781236,3,7.805597601302768,0
44,32.04757084860988,7.200665464131846,1,8.705504704730647,0
51,26.747076755181475,0.9291116816042049,5,9.142164886222183,1
38,24.03273445167074,7.647350631642554,4,8.412284508811307,1
47,39.64750825511622,2.5117337390188226,9,7.701114200572482,0
50,27.005348138930948,7.10722937846945,9,3.222057442712218,0
45,37.67018248094096,4.823543011835692,5,6.744766713866108,1
50,23.059001329603895,6.6136588779319,4,3.2638840744039697,1
22,22.68830348855183,7.872105305683714,7,8.65647471981216,1
36,18.68494982345925,2.307243502549966,6,5.245071671219703,0
21,32.33667015826947,7.689083883260744,4,6.937005618825447,0
52,26.107579561922744,3.115855159219363,2,4.956117151232318,1
34,37.01588149647202,3.0840952378953785,1,8.477501010662056,1
45,28.410617947214256,2.7230968340360455,4,9.205517686493318,0
47,39.30025541412388,4.331260858780682,4,5.790497459491448,0
46,22.081561345468664,1.2331603454278968,1,9.040456754576923,0
23,37.10970969502344,4.429691882864089,6,4.8695250521943265,0
52,35.08513076141832,4.333638499280032,4,6.742626461528667,1
58,34.96028058216915,6.09521450083896,1,9.011330008870928,0
54,36.58523101857153,6.6691996955006845,1,5.281169398310533,0
41,34.742527800745975,3.5235308024993923,1,9.678295855546601,0
46,31.77684707589114,2.41866599481195,8,3.8531565124696856,0
48,20.887387309012528,2.0746791785367558,8,3.1279254880645437,0
52,18.71557594880754,1.5569906936389755,2,9.328947468047335,0
50,38.25865265194511,0.46118065759219906,7,3.4805406630351055,0
38,31.56630691945624,2.7395838306777067,8,9.943224371632443,0
49,35.52382040147588,2.161981537046266,8,9.659778033853744,0
40,28.593491733276103,7.731339086931259,7,3.9591463702542447,0
50,20.58078015717268,4.461670610000351,5,6.7630923798479605,1
20,20.75408742845611,2.7782163122440604,1,4.2944420822700105,0
35,33.08243631903737,4.643740807949568,9,5.9970862112108385,0
42,27.46672968778818,1.113573610765564,7,3.4299759048188285,0
59,22.411543987407406,3.5523499936176233,2,4.567472114576127,1
48,28.815080028311613,5.009874571368511,6,5.542909574792297,0
20,19.41259661565295,3.911182654339611,2,6.070532501722384,1
57,30.803370842116774,3.214230405234594,1,9.842473807462252,1
41,23.91785489757215,7.950787111197585,7,8.65505951978787,1
49,35.54630021401814,7.042518097191416,2,8.161869610183622,1
39,24.827963096318623,4.987247665275521,2,6.75928920319382,1
40,28.014843279799628,4.555018889458262,5,8.879984324230403,0
19,18.255651877978213,4.965283838596672,5,5.375259849589978,1
44,19.593831531480294,1.610496862579466,7,7.962293789413213,1
59,26.634858240947068,3.161101946114549,1,9.956487827647205,1
19,28.558654363776718,0.31567626312719455,8,5.202402362546391,0
43,31.200452058624684,3.8043682998946133,3,7.718122744187771,0
34,24.41657673160467,4.344196671661305,4,8.910204049066678,1
57,33.28960149478394,1.8219978888256767,9,9.410653083454706,0
50,36.922692738162496,7.71223077732411,4,8.025528836580712,1
26,35.15672175565369,7.275636887497936,5,4.9852554639199536,0
56,18.871614157663856,5.777145883647247,7,5.283975060982625,1
46,28.571152839672237,4.267093030122901,4,3.1453062248677495,0
59,20.308463925199845,6.95975327718148,1,8.326201843700566,1
43,23.324990348975604,1.0452187505877033,9,3.2991772424336596,0
52,39.70657705187722,6.32407835419908,4,9.05256648221922,0
42,21.13490194383329,0.9985665117347864,9,3.8306243013217713,0
41,28.975539375929834,6.353685300395243,6,4.20313558495147,0
30,31.599426154998618,2.2061405460108556,1,6.335685295825661,0
24,33.454229351970284,7.0167246481455114,3,8.165162906181196,1
53,30.31227103671211,7.552336750603183,2,3.9730154363935437,0
37,18.21495864322204,1.190367755240925,9,6.080497525465489,1
18,25.18214878136782,3.701404840523148,1,6.379958920870734,1
25,29.38965615446365,7.847899025301481,9,4.48599949168014,0
33,19.933062981186335,3.867259487785173,9,3.8089086367644223,1
31,25.713792486601974,6.908380180116361,8,8.854946460899477,1
29,18.730468393410064,4.709852177050559,8,6.517259548339359,1
40,19.728726937410457,3.002639263356815,1,3.100668651889071,1
32,26.732312076435115,2.2862684442069616,8,8.620869109163728,1
45,20.919746588947326,1.6257847286886982,3,9.865556637902094,0
51,30.485898661754277,6.094385531021578,7,7.241483367899731,0
19,33.168229321019844,3.092324054584223,1,6.525958709588496,1
49,35.61290738039982,4.090203697606009,1,9.148911041314731,1
40,22.403305373385823,3.9386038400094554,5,9.66761752779219,1
39,21.684616809699534,4.61823223386505,5,8.281758411317224,1
42,20.300492487356806,6.924617164996418,8,6.118170508140015,1
39,32.00146548996001,7.845914748667435,7,7.1455497953200835,1
39,33.542465982711825,3.2606736685905355,8,7.906547555125995,1
59,18.694895186164125,6.6201513768504245,6,4.35991499701261,1
23,38.59666941736118,6.116222357237741,6,6.130407225515066,1
32,19.143368240332393,4.588231611644586,2,8.808748853020994,1
54,29.908519376623552,7.648377148895465,6,7.5830774394891005,0
50,33.59933142792016,1.6037961242272223,5,5.878428470482978,0
25,37.16132072241388,0.8741136824769713,3,7.643537738102769,0
22,33.70991250691341,6.831695735643377,6,3.827556884507219,0
56,35.63801782753542,3.5131985330699864,8,5.810483273954134,0
21,25.467904235941734,6.775750833656484,9,8.551899765741394,1
23,35.926152502423264,7.1447216415633195,1,4.543561509956536,0
49,19.762526620462854,0.4996607489525715,3,4.301730552901924,0
47,37.68596643333161,7.0677181038884855,3,9.65573061941502,1
52,30.047032275382197,3.5865524429553775,8,4.469283407103615,0
57,35.98055093917486,4.083459912033858,1,4.8264300575511765,0
33,27.951002259402603,5.012740088745682,5,9.787311572330365,0
30,32.15870929432355,7.411060853840694,3,8.142959991855179,0
59,29.58085854059449,0.15292875543811224,2,7.8971757311646975,0
47,34.0949694786173,3.814747746542537,8,8.970484686982068,0
36,19.79585960467297,5.501776339444485,3,3.81076157565756,1
34,19.327745847792404,5.781655661585828,7,7.94169365606005,1
36,23.43627114822322,5.540259452296864,1,6.525820265297672,1
45,21.50998296249014,1.0754810352649748,6,8.80405448198898,0
43,37.17923846502843,2.39516470697345,3,6.55699203065636,0
54,22.822707721876974,2.8697242033361077,8,7.341689479882385,0
43,39.46903562802089,6.43549766143604,6,6.344194884796751,0
40,25.41170741896435,2.230078979316424,2,6.347112464890909,1
26,22.006594145151382,1.6856397109376253,6,8.37578984643282,1
29,35.37336715713454,7.659584152304769,7,7.399964804530982,0
18,32.49157106101927,0.0709062809077512,5,7.432842411265873,0
18,28.960305761969057,7.982566845455826,3,6.151977386820681,0
51,30.21799812062789,5.414570390859165,4,6.717766474362693,1
49,33.8224391219898,6.6277543955929366,4,8.220023663433512,1
42,23.026004309288574,2.3569551707695453,6,8.781586433783428,1
57,39.91934615324833,0.11452222133647982,1,7.875929815008323,0
18,39.44544956722923,5.90295614849224,4,9.468510921919782,1
33,32.30716509963261,6.673156776005406,4,8.742268617030406,0
56,22.389933920441194,5.923809055628153,1,6.93304652866663,1
22,32.96502133348841,1.1428022984067088,9,7.699842508506158,0
39,19.58836499754187,6.027423378055753,4,9.484157938448373,1
46,18.674355048527733,6.151382256861128,7,7.334176309701409,1
20,23.669023547246702,5.268324125360439,3,8.773648635858816,1
29,28.177705048264958,6.12892746236469,3,7.82167352512991,1
43,37.10199511898438,6.767371517421857,8,6.863554527423266,0
33,33.997719534858774,4.908832913899667,8,4.692867367907471,0
54,34.33954346639958,0.7088377117574325,1,5.981982636278997,0
39,27.360853357857657,3.901022477337687,2,9.77419977383601,0
46,25.610569836033186,0.6211946773728405,8,7.6043576829082005,0
31,26.162852785661258,3.2603442482594467,1,6.950767662372927,1
45,39.728290402193274,3.256851913005021,8,9.530696378697591,0
22,18.882402211074613,0.5280787531219326,8,7.105582467262141,1
47,37.07469291469387,2.7905642717558345,2,6.682577628921821,0
22,30.730858988592654,0.8879847903305187,4,8.315175986051436,0
29,27.64953922217099,6.465881680073777,6,7.9886593329058115,1
33,33.95566852913301,7.581504207715766,9,4.352120058859029,0
43,28.70671671134346,0.5785318020635088,8,6.299157922018848,0
43,37.21531123779653,7.640921658333611,8,6.307608099737097,1
38,37.81544100824769,4.180612794693961,7,5.647571606703414,0
56,27.27786039121602,2.396525423630991,9,6.621054375065771,0
53,24.090211539171136,0.6148966022093081,2,5.89175178409001,0
50,31.03170722905397,4.004994144563343,3,4.395418426298281,0
47,38.0719936035672,6.3561243559259895,8,5.886565410922767,0
54,22.634568158124665,5.656691818133585,6,3.505938633012236,1
40,31.705264838396623,0.4018080917117901,9,7.030501039420881,0
27,31.894324842035452,0.5832146829432281,4,8.975581842587783,0
22,34.12848649313618,3.222986261061097,8,8.077009590481886,1
53,20.894489072799715,2.362323952383546,3,5.5227582803787785,0
51,33.748149223005946,1.8590745844483827,3,3.6094984390411575,0
48,37.9987154546441,2.2480359912697088,8,4.415045794576895,0
27,21.953028395145324,6.427861946375077,5,6.81843238346385,1
36,23.22595314832531,7.433824429054831,3,4.44939958368123,1
49,39.37069206891607,3.2408215562205314,1,6.807811778994773,0
18,21.981492959608776,7.2488880170599765,3,4.621193173347292,1
22,36.796472054130746,2.5719656099830557,9,8.94246708633251,0
21,28.830112841856767,3.811495890750333,5,5.780900309883219,0
33,23.439083636869896,1.8082319825279978,2,4.718854381611438,0
41,37.15649782799525,5.123808337406752,7,8.686283261729432,0
33,27.79671561005864,7.831848921398471,2,5.399872753638155,0
19,29.325981786453184,4.827944768347029,4,3.7804138148714737,0
45,25.903134126794846,2.862512672908391,7,6.992866439825491,1
49,31.0449187315684,5.182539567924227,4,7.070949431065921,0
44,21.5975251968705,0.9833654277231005,7,8.00286972665014,0
37,26.603793806338736,7.109272642123189,7,4.681536032458699,1
41,39.327071091376325,4.024671606238691,1,6.106399373645716,1
29,23.678935519424805,3.5947979363171365,6,4.976575433298594,1
52,32.44820661990843,4.6869183076281535,9,3.566676152809817,0
50,25.154181412943288,4.99827090231522,2,9.136296789111242,1
50,35.01640876510521,0.5742064498121042,3,8.102088631418388,0
54,20.879220535803697,5.460937769787219,5,5.110241416211605,1
29,39.336062991727985,1.9354534425242367,9,7.195610950103904,0
20,27.983369910440064,5.711621060052718,4,4.408846516941307,0
18,23.193110193622207,6.580278355073574,1,9.231656352570397,1
50,19.616928441260278,6.431668060420162,4,3.804344403533372,1
57,21.734673911925896,4.420007739263113,6,3.0268600185546064,1
27,29.435026868232388,4.161359138486009,5,6.514057384174275,1
46,25.4140698814883,1.1430076907152937,1,7.081894764170085,1
30,36.23543404941741,6.202769203225085,4,7.052757242070631,1
29,27.479525520559733,2.171275043573715,6,3.381583492064784,0
48,23.471713996927857,3.9735633825435723,4,5.1983066484290275,1
19,31.57718970528866,2.2741927434201337,9,6.494392627889322,0
52,33.549098771479805,1.0706269039975451,5,4.516054299390686,0
40,21.674921973820897,5.036461575133893,8,9.108381198401275,1
34,21.68762275834299,0.43465627858323064,9,3.609765026230038,0
43,18.806771392537946,5.9891618730096,5,6.4116910917043,1
25,34.20084433144409,2.5406943620889333,6,7.839912402592065,0
46,32.603699607679715,0.0010775440358825605,1,4.832257700941377,0
43,28.441879266495906,4.089033113897838,7,7.369685158982627,1
27,36.57174987732233,0.374815268220825,4,8.805696050996623,0
43,35.72474336490117,2.2093564625671958,2,4.332358825665333,0
51,30.877796016728546,5.655811899645729,5,9.42054414277404,1
58,37.10196817129169,0.5015169729749269,3,6.874909728636506,0
24,22.5285066208089,6.714707938848019,6,5.094624030107424,1
21,20.462231626750015,0.030559381268664865,8,6.016007927675895,1
28,23.934491453373774,1.974590953615218,7,5.185343186504715,0
46,19.255910833964926,5.9272324492165716,3,8.075778119533211,1
53,29.685729616022705,2.5301611978344543,8,8.574104643905926,0
42,38.60532523048916,0.8151391045281082,2,8.830561746230627,0
38,18.865557894707212,2.881871350403423,9,9.900377747100189,1
53,20.68641810822059,2.1631462910762043,4,8.538990047476783,0
27,27.948378622235577,6.741695217284439,1,7.209688494819943,0
54,38.54525038561391,2.506783340681145,8,5.374542088742487,0
26,24.95543430948851,6.311459774208058,7,6.8121681409752455,1
41,29.159165791144634,7.134977158485878,5,3.287477209532838,0
52,18.914602899108626,3.4705393566122362,5,8.213775528709391,1
52,21.263550421165956,7.279545150835136,7,6.1216888156447125,1
53,39.70586270509463,3.0185444317055428,5,3.1401626081253133,0
35,39.232611321593,7.712627331920865,8,3.4375485905728755,0
56,18.108679580557013,0.7143161962045834,6,5.712265246752296,0
49,38.93985927931126,5.496154132025942,5,7.083950633129046,1
41,32.060638631941,3.9505123236554294,9,6.249427642664887,0
40,37.09420247944048,3.1011904436451765,2,7.334430221045084,0
49,28.0042768239449,5.061695029988807,1,6.36205981153949,0
54,29.343112628743505,5.6308567330746495,8,7.631926918369428,0
29,28.754624765652245,0.0349061572024727,3,4.533882452695606,0
30,32.6710136660143,1.3356247099775898,7,3.78990231028535,0
40,21.072327604638883,5.70436840507455,8,7.17503768237962,1
42,18.659418977198914,5.331083308625652,6,6.392826618554152,1
52,24.7744587150062,7.728380041029418,9,3.188073578314547,1
58,33.502976780206225,6.088302322006264,7,5.663373198451251,0
47,22.440775946704864,7.606181661850704,5,3.742879098436968,1
34,32.81551353314818,5.620324012278456,8,6.719497822268867,1
37,39.33806501435995,2.384417669115545,2,5.770443757623015,0
42,20.065815747367203,0.8429193780068518,7,7.292063377721125,0
39,32.797246600952775,6.254590906759485,4,8.639215531391669,1
30,27.762504824700564,5.153193771807327,9,5.097680786890436,0
36,37.09912959630512,0.38548809914636983,1,9.734714729155193,0
53,21.89729536784249,2.8804037272078267,7,6.749441504113021,1
29,33.23777094897562,7.654398523874289,6,7.328035591283516,1
58,36.438536372258426,4.00320916568161,8,7.764706612580159,0
36,38.78151282842851,3.461833088157637,5,7.667120709003129,1
29,33.031456622372204,3.661596841274352,1,6.576795201315434,0
26,28.937844808185403,1.6710617920413098,1,6.001350037802784,0
24,31.592639284426703,2.9496573669183617,9,3.3764737492416455,0
45,37.115909658531805,2.958506047897413,6,3.154600917108258,0
31,30.553414426054253,0.4188401614997792,5,5.505728361729353,0
48,18.66851531333041,6.140541028143346,1,5.335626234435848,1
36,38.48087130115351,3.332035455231032,6,5.713866083873047,0
33,33.16958852269435,6.577439094531386,6,3.9685774062173302,0
22,32.88329448709942,6.802784008959163,3,8.167177893757906,0
52,22.74485335274978,1.6959524375892645,8,8.998750903433674,1
29,32.49548034511846,5.2588278573610285,1,9.571002447618245,1
42,26.665016924391487,3.7782544333038537,1,6.446536124637381,1
38,32.32712549491283,7.041253903371881,6,7.906059893878,0
53,20.345046666775797,1.725925433411633,1,8.988857864051107,0
40,32.472596701266795,5.422505602480354,6,5.928037777654401,0
33,39.98710196695467,4.862016978021781,1,5.165889564093111,0
56,19.060664854932234,2.3624118205746623,6,9.55707189097443,1
59,39.49783205286898,1.092807229209381,3,6.609735857539512,0
56,26.951975135903155,5.2131180838182125,8,6.480777206136146,1
31,37.1565759074197,5.9087796650586455,6,4.248912675944471,0
48,35.212480649282014,2.5250187501068,1,3.757085102013497,0
22,30.47435774170669,5.15866083217851,5,8.89474803738458,0
52,34.24588260352918,3.161047260892026,8,7.298932233312627,0
40,37.32734234862966,5.705655066260942,3,5.280772088136141,0
46,26.891087076322727,1.5937221991524249,6,4.342153521731865,0
28,25.19472955439125,7.121720021089395,5,6.88848096118742,1
35,32.687054482398864,2.299276771724638,6,7.087435024827947,0
29,35.77261072270769,2.942287902049223,1,4.448955208715407,0
26,34.770272965085546,0.4647356166427983,7,8.959840235240318,0
27,35.55190027488996,0.8920976985702112,9,3.5898505630909576,0
34,27.582832925884524,4.126895221698625,2,5.492651596164952,0
55,35.992352755850476,2.140741413823772,5,7.762690896337655,0
24,20.644599218153385,6.683841805937555,4,4.918842546734405,1
30,29.97876015513869,0.11754710923963074,6,8.793726363468902,0
57,18.126690530958676,3.0327523893754895,6,8.179074786202825,1
59,25.140888257805948,2.6987643741527414,2,8.52315991183694,1
26,26.062153767170756,0.15462104734080828,2,3.833745751137014,0
44,26.71579921540362,0.9949471920040818,4,3.9838298959688005,0
19,33.300278547176966,3.309141399349082,1,5.005316164212085,0
22,26.548278227947606,3.942916675579573,9,6.626540156382927,1
46,27.871259697695674,3.234317978038953,7,8.236112536895817,0
54,23.225970879235206,4.247501427296751,7,8.855716235326325,1
55,26.211539415845483,4.761053399245452,3,7.930347211700263,1
36,22.999931799789334,0.07939056902268504,3,9.500178170714468,1
25,19.61031032290576,3.712761275628031,1,8.171204567311513,1
18,31.275869054390313,7.7079939271007065,3,5.143875209032303,0
39,32.700681568210356,4.15225824103639,3,4.855568990370008,0
34,31.628787612211518,5.4203381396716255,4,7.8733471521076295,1
24,28.19686896361259,2.4949108633350656,4,4.3500939808273,0
42,26.355287163943053,6.1919310252221,3,3.649003675671889,1
21,36.99334029058015,6.183371855008921,8,6.725560123993358,1
53,29.419799272996798,4.170368381233112,8,8.751490988452687,1
23,28.54200130785408,7.808110586233709,1,3.709658897289045,0
48,18.564125447741585,1.004401718101227,7,8.543239266570104,1
36,25.50745220777544,0.13558131911664795,2,8.681004030460837,1
56,26.364303613288854,6.161265694056768,1,6.375918000570804,1
44,26.77410117973181,6.45724429891906,3,3.4011721700734077,1
27,30.76379212300131,0.9616578329646099,4,4.222128958730305,0
43,29.739256027991324,2.1246626636688486,6,7.951983926133527,0
36,31.37391204145578,0.14041890693303127,5,7.982445614936647,0
56,34.82743175392682,2.3464688862445175,4,9.288486926173658,0
20,35.88568625175405,6.185134991349372,8,7.07880302588208,1
30,33.79870767698288,4.1436842217006316,4,3.868751573996442,0
45,39.02152131100856,2.7847647453463047,2,3.849904338534805,0
37,18.401116818879956,2.9739143592506423,3,8.047926501497766,1
45,22.307115685038013,0.010829005723745233,6,4.286492655755308,0
25,18.166383249519125,2.398404220521887,8,5.298698497316238,0
58,32.24444371140127,5.171669933103444,8,6.410484048453397,0
56,37.75667207689971,7.793555550530857,9,3.1733541430330585,0
18,23.356610524678583,6.776486615871196,7,4.741733189139524,1
20,38.394759985518746,0.188759717164233,2,5.8552272595509605,0
30,19.325882586370337,7.188484837398715,8,4.957454229452444,1
45,38.55759258972131,6.2655873063890075,7,3.954592292272961,0
42,25.735699119271956,6.243008988567843,8,8.09608580457338,1
50,20.231258225882762,3.663966072028572,3,8.692033586175896,1
55,28.689178702099163,3.1840423436360226,7,4.802352833006074,0
23,23.649084489851177,2.423325830665541,9,8.420936462244123,1
49,24.267203843162303,0.5255588716349262,3,5.698874950809197,0
38,24.760379228378305,1.8258829079495928,6,6.5468005359780195,1
33,35.666569752318594,1.972829079824197,2,8.99200752425207,0
38,29.8615480868556,3.8726165576816127,2,8.249675772616854,1
28,24.84876938143208,5.979555252773552,5,8.635817959213245,1
54,31.427343232840204,3.790478627183573,5,3.9579161661044977,0
53,33.75531483291026,0.46275559557728485,7,3.4880359808361066,0
52,23.997728016137742,7.662318407905631,2,9.25383310361591,1
36,27.09808023355773,7.541794552752898,7,5.714839886997661,0
37,20.681494053412848,6.281516345187267,5,5.015157746487766,1
35,21.985285689762968,7.930623212513765,6,8.072873779832772,1
58,32.98459278722962,4.355858662402103,8,8.854909176058996,0
31,21.991643649303793,7.7021468020256485,4,9.037427353288106,1
32,29.553594440675326,0.6048403249340062,7,5.211979987876592,0
48,33.59901775789352,2.9254459860909705,6,8.965486738411718,0
18,20.351292308084364,1.8030501440541267,2,3.286537610620418,0
20,30.480868831835878,1.5666646730741602,8,3.3476304402180324,0
33,23.644381241430004,1.1264235911414087,9,7.364634366219081,1
40,39.18439125522676,4.979309132527973,5,3.4417445838088234,0
28,28.638004227838344,6.2505748459784405,4,5.272264179571131,0
29,35.73183609505348,4.626387195362885,6,7.709291903728468,0
27,30.104983927437758,1.1757016767056774,8,5.360868272379584,0
49,18.955075722806022,6.488990159467767,3,4.257198470080672,1
33,31.929330263068493,5.087637657309828,1,4.969454352976891,0
25,38.930873528546456,3.105325649015964,4,6.203027325753022,1
55,31.235460043219284,5.393042364288504,4,6.3277009874883765,0
29,36.022154907389385,2.0792398339426628,1,8.481001619430414,0
41,37.45254219366497,2.761537667953684,9,8.251072606020587,0
45,23.017754982876514,7.339886745055922,3,6.197724631892946,1
25,22.664986477980985,2.324036045371363,5,8.9196714436914,1
45,31.441581754721817,3.7599061452634928,6,3.799659970139771,0
53,27.042626335747503,7.121129099168117,8,4.7874734516023105,0
43,36.476948663067844,5.66177080214022,6,8.79583524451576,1
25,37.80050871475625,0.497625809317622,3,5.645958270383072,0
45,25.7752703446598,1.1784243542317627,6,9.868270911556895,1
45,23.211152297438606,0.06273272617533454,1,6.263772970694848,0
54,35.171561335364956,5.047374321833307,4,8.543549360746349,0
58,24.045732782058995,3.5813874032833466,6,5.816149289676604,1
53,36.09751500730093,1.0741988072182043,7,5.974674633437013,0
44,27.32224158027278,7.663472968454164,3,5.680182030989284,0
34,32.686097784412354,4.237277791564959,9,8.033529343575683,0
26,20.1017769043627,1.9351463529031134,7,6.832625188419961,0
50,31.72490514288461,4.00482856923766,1,9.606446779578583,0
37,27.93888893221904,5.436962661880862,2,4.756232215738733,0
30,30.90538618986043,0.6099137437885158,1,3.7039391245841102,0
45,21.696312570386993,2.197630520383136,9,5.752830395694506,0
46,34.21122238877201,6.455723927071949,9,7.3169889535274315,0
30,36.98153570595103,3.67731896322129,7,9.025592558408466,0
52,22.768275601997065,4.372617136258359,3,5.423378206762294,1
23,20.10572022144356,3.462528017675754,5,7.576507257871231,1
35,18.5200488930194,0.35119954114404095,4,5.4513907671625335,0
22,32.12337300975185,1.3259982385612474,7,7.3205370809612065,0
42,31.356068793953177,3.564333109935127,9,9.193655629214557,1
19,30.02734307970954,1.6734837232634225,2,4.619503495815863,0
27,23.102836114551458,0.3998322292774299,8,5.829691494749274,0
47,26.599931909921324,6.74919731241459,9,9.952856375008226,1
22,31.078479374095807,7.8495402333129265,9,9.079899197746226,0
50,28.928870894901728,6.3451429919739155,7,6.952479005273414,0
18,39.73128144472752,6.830279373637336,9,6.616393142979927,1
35,21.00167455624813,1.935817042536363,9,4.9922026761327665,0
49,33.293180189047064,7.685015804105598,3,6.620465993854706,0
28,26.895012898294425,1.575405635627427,4,8.93727048795963,0
38,27.420391528363524,7.611438482894658,2,7.796221592944464,0
43,33.787150844479875,7.958554351727608,3,5.0303081972459065,0
42,33.233595329136136,5.69378244596839,5,4.410247447374731,0
39,39.807631861448144,7.849149854334575,5,4.856459758977804,0
44,20.824674367990756,4.556318236536829,6,4.188314409749786,1
30,20.29041228645166,2.0763342654087227,7,3.6694848721660116,0
50,33.93545397683231,3.495967085324967,7,5.933953221094384,0
51,30.724512174141,4.748487483030288,1,3.7930972307878736,0
58,24.03153466431573,0.5846524962161199,2,4.20338790408973,0
52,19.747226117757705,4.978746116937969,9,6.831272790376403,1
18,19.884481491121473,7.849422694098356,2,4.152194915897023,1
38,37.6721992426106,1.520861198269821,6,3.44715837201632,0
23,22.221081143812345,6.3407609303070664,1,5.221721950195196,1
45,25.114174366541455,7.263190350236955,3,4.542233690353773,1
34,22.986440848993738,7.5496127425617665,2,6.607136315960638,1
22,25.80991872830262,7.681084835243578,3,3.716569592082465,1
48,19.527324540414053,4.1716771097717755,5,8.262395513780847,1
22,29.419315399981947,7.8184632639320295,6,9.34363463604597,0
55,19.48747639902873,6.058481657075511,9,8.20404621769336,1
20,35.607843172091954,1.2933714898956952,4,6.72978926180976,0
40,23.14166580202953,3.81520085174376,7,9.024674752522195,1
54,29.880262121299232,5.746649402976032,6,7.864428658470553,1
54,37.36173992635209,1.9787225265526667,2,3.073857857151329,0
27,32.31930211903827,5.124921468391099,8,5.758631069421522,0
27,29.725071304129376,5.332803832372954,7,8.956663295847601,0
36,25.135342568538263,1.301597950468527,7,5.421012005826885,0
34,25.326042087280356,4.52068249962205,8,3.2465062146786643,1
38,32.72871301436018,6.1730152878288616,1,8.223257469865906,0
31,39.871065946865684,3.9911653162875353,1,8.61426789198008,0
26,32.56046217668633,0.0968249342088594,8,4.12415586530316,0
18,30.271235182140547,0.07230775263433742,4,6.761383477902268,0
30,34.074311225263415,2.8562347517600974,5,4.34368807297008,0
21,28.234523470241797,7.409552547454256,8,8.034640933309028,1
18,19.323131537217275,1.8294142368288702,5,4.9008531862424,0
57,30.370529949314015,5.074909510973497,4,5.213505857943311,0
49,39.06775625911837,1.7766069655465646,6,8.91479597548071,0
51,21.856664731868513,2.573359917276389,5,6.33425646544833,0
45,33.18010759805465,6.784336716811872,7,7.688281158527735,0
48,22.420541150499243,5.830891538159575,7,5.816611355057273,1
25,29.788209058407787,0.763194218505685,4,5.086048000356287,0
56,20.126881892227832,3.429616167891469,5,7.37834642297263,1
43,27.908160597680073,0.23335810916211575,3,4.0840030185517495,0
51,34.63559323569541,3.847121172824072,4,5.610998848968041,0
20,25.646573533257605,5.299472093608545,4,4.463259261701456,1
29,32.6280579387188,0.9480209887852125,3,7.8705647685852185,0
18,35.499899137374044,2.3110795112733253,5,9.609461868422752,0
22,38.39791202854796,3.1826930040172554,5,9.968576776111064,0
47,23.16212580081998,7.356248197248398,7,6.151937673091135,1
47,26.78495014780478,7.946040123383712,4,4.767712727455111,1
34,21.353152293269183,0.35929039196492685,4,6.099805592690268,1
40,39.83463704748425,6.088063387963136,9,8.930885869739067,0
32,38.39402129433449,2.973792531218746,6,4.442039749864279,0
54,29.879056866172313,3.1396654898358403,4,9.664669561570467,0
38,36.52473247628127,6.0341197867761815,2,5.393060381587057,0
31,29.46107549998493,7.347411457163269,6,9.900625616152134,1
19,31.718885136060713,7.607428756020387,2,8.870262212737735,1
28,19.960737506552366,4.616980688306566,5,8.659993739031732,1
56,34.61594925092977,2.8569692744040225,6,5.225332716412985,0
55,20.809696639975165,6.300392686870234,4,3.061440483635506,1
51,36.17348786555563,2.008011066098402,3,5.6749303617819145,0
55,35.20461792874849,4.512592230668142,7,5.112665587638856,0
51,33.592383350345486,2.8686276921989853,2,3.261778932861581,0
35,18.795528371544766,5.253048589663009,6,6.537556795541508,1
47,24.66882383079723,1.9231913031480552,4,5.821219178979156,0
32,23.788476538038545,1.5327435658786062,6,7.441895274190673,1
44,25.923000964373422,7.345912693403497,4,7.348304255358583,1
51,19.928140428804447,0.8144294635962952,4,3.8452264512767607,0
55,38.61307210668338,4.047663261879453,4,9.838758822886359,0
50,30.18364929567228,1.7668222637040714,9,4.308520006090129,0
41,24.72153483447652,0.3114397066053396,7,6.116918173352932,1
32,26.733593375634236,0.28815054633141113,3,6.416822804036144,0
47,27.838455891106385,1.4017741768466188,3,8.691439580498841,0
59,31.21307533393358,6.934162836048002,6,3.6946071726625274,0
34,29.344947409322952,2.2598299518162133,6,6.000509954459723,0
22,38.22662341071718,7.603673364602366,4,7.399515191653427,1
46,28.933196623928268,4.652978343913548,9,4.506089351368389,0
21,39.82747632611288,3.4929135181501287,4,7.39227529136251,1
27,36.731349070392106,4.640710677355637,9,9.465653862847569,1
34,22.587231315861388,4.133587081810142,4,9.982626918208725,1
27,38.47309472216616,6.070210030058601,2,3.22715753753473,0
34,20.560060753480474,2.259968527782818,2,4.649117597712743,0
37,35.98389358680622,2.824403132802419,5,5.172149810541882,0
41,26.37371245648476,7.152754420266006,4,5.793882703114763,1
22,37.31543504979153,7.571652105203244,7,4.695800103093372,0
51,37.09724718236391,7.140465819891796,5,4.424415961887187,0
23,35.730358802587666,3.3555839516585086,6,9.6818768969225,1
19,35.38066959875535,6.242924024055053,4,9.429651219393625,0
30,24.702941060156896,3.8106858664087904,2,3.328947507021822,1
28,19.780224227127547,3.9803188171688175,9,5.371691151233938,1
40,26.865563932833552,1.6374408724582716,7,5.836039875748846,0
33,21.81753932970319,4.729042426068132,4,4.673101742661603,1
48,33.28892395585416,1.4890871820267835,3,7.402110278917228,0
28,25.61419398383128,2.65251759253755,3,7.482665226509687,1
33,39.46342441891812,6.840241612959481,9,8.953529598300179,0
25,32.10138570159731,1.6566064736868418,5,8.186084878696525,0
21,36.094572399955936,0.5692662813874625,3,6.798013288761689,0
57,20.915542800320665,0.5520607409025304,5,7.575107390310939,1
21,36.9643186099977,7.526276164024863,2,4.917921470801127,0
42,38.30065819129467,4.055363503694677,4,7.151393329771503,0
20,28.71536221401659,3.2752965745361466,2,6.4245907832494344,1
49,31.337564630521506,6.4870286480633474,2,3.9334112712145926,0
20,34.8258156198659,6.686607423284128,8,4.697809936080795,0
44,21.846449799729076,2.657528264924837,1,5.0418541550511025,0
46,29.056453682195734,5.548944459790362,7,9.470166969367906,1
49,26.77058661099089,6.168982526815093,5,4.612706475701226,1
36,21.22022782756948,5.237205494927636,8,5.0247073197376775,1
38,26.085757290413692,1.212760598400795,1,5.585478910626026,0
22,19.49979080648086,7.007064668136456,7,7.6461991703777095,1
35,18.567861952888713,4.31275642188807,5,3.8276687473049837,1
45,20.973658361406102,2.2597794109600295,4,9.677616487456433,0
59,39.18853245496182,3.4018254835015513,7,9.058998540663351,1
39,30.089649789690373,0.30056872319125905,2,7.040512511062651,0
38,39.248087545370836,1.0229344097793405,1,7.718265071974697,0
23,27.5149533232629,6.124374004126887,1,3.116623298709512,0
18,24.859954927875712,9.307804292912891e-05,1,5.372613427439141,0
22,29.13512098248537,3.3325266278583374,5,8.569621614630094,0
58,27.66925714992402,4.1800814486847075,7,3.542380816546701,0
29,20.324623053758366,0.43707536000777836,2,4.976196839475041,0
43,32.098178923184534,7.784625303778663,8,7.097077798340179,1
51,22.75284001521119,1.8090026499973755,4,4.794891193892592,0
31,31.63093500775225,2.433589757090247,3,9.537845819011634,0
43,32.30442403275937,2.4315400980402186,8,3.9174104156300324,0
44,21.34454676883026,1.8433332969387992,2,8.581760505354449,0
26,19.349691796434698,0.011790576690491328,3,6.555640843344857,0
43,35.176754893505674,5.834758352703971,3,8.252315430739692,0
39,28.115609322925046,7.734763998394283,1,5.175007298180132,0
47,19.279603501120466,1.7943478662803605,6,6.6014272161842715,0
34,39.88705897773488,5.304377534427379,2,8.997847448062235,0
43,19.271172341920067,5.935170615669721,1,6.2681466938617305,1
53,33.29077503488817,6.787403032724198,2,5.518039033371887,0
18,39.6409363557951,3.381033576108873,6,6.753087703769152,1
25,23.26196229275036,2.423447245123434,4,8.021539271254568,0
52,21.129486111118315,2.602361072184249,6,6.104943418489519,1
32,20.670468667293434,5.700970664788103,9,9.57213882599591,1
39,24.672053246487103,6.534235732045088,8,5.064620768296394,1
31,20.223007842234228,1.4529117420528213,1,6.328245243183843,0
43,33.2275495172709,2.9675280652621217,8,8.29849361539009,0
45,19.37041955886138,7.2155215739932,9,7.823847633470307,1
40,29.207286819295373,6.453548157557914,6,9.045487366920092,0
31,39.92733078476549,7.878867222099807,5,9.977664264767762,1
41,35.90734592913242,6.033986077456646,6,5.9880083015656265,0
19,31.534827641082238,3.145561608223378,6,3.778056158483183,0
43,24.737579657305456,4.725102671957102,9,3.212911165655776,1
31,31.725708398416046,5.288114033978562,4,8.0881383429784,0
24,29.594912206056335,0.6276465305369916,2,9.11809569916101,0
20,27.373834445588173,4.355975672830921,9,4.544988101610931,0
40,20.87562828828439,5.674566627780877,2,4.1091362603293415,1
35,37.50529273529027,1.338570432008483,9,3.4354356406798368,0
55,27.895262274069097,6.245053739404457,2,8.758920452020444,0
52,22.281695260056832,4.670182244112893,8,5.179673579248091,1
32,26.090705719300374,7.617774285580757,9,5.811878249318435,1
42,27.110854555636394,0.33937838565513356,9,6.519251341267286,0
54,36.20583370247124,2.1226091004437357,9,8.876172639466855,0
45,34.13951637235084,4.8124310343985925,2,7.555832550930394,0
27,34.924707660109476,2.3724792976474456,4,7.305452409004679,0
56,18.242687817430237,5.715393312569938,7,4.229704699691375,1
34,27.15538795995475,6.072042260175448,2,6.592329241968809,0
56,28.58957133597712,0.8201277125317956,1,8.007667120250586,0
39,18.42223009010725,4.110835713654142,3,9.812826181213442,1
43,23.715890592390753,4.071124444728447,4,4.409844164493466,1
42,34.72637610868697,2.9542461617243285,8,3.0668034714705863,0
34,21.01641352603798,7.463398900557377,6,3.5271100351892883,1
30,29.776822891957018,6.62005055898577,2,5.630967256273855,0
37,22.734441184379225,5.577675055277094,9,8.74381253422191,1
42,18.26665704216565,5.71461308587998,2,3.0499945723777153,1
21,23.306432067189913,3.6937291505049528,5,6.197114150200882,1
27,39.469222608021184,7.367956168772607,4,5.304614307389762,0
20,35.633816461425766,5.556763418026283,7,3.367371970698093,0
58,39.11068617506274,5.8318484932465315,8,6.151654006708321,0
35,28.732788966379974,6.893527230298762,5,4.7832409513570315,0
53,20.414196370905078,2.192572714737528,5,5.463193840429045,0
39,30.055108757421245,6.456567230933624,2,7.939307133490051,0
51,27.996301360319137,1.5619248236519363,8,6.6508568873767695,0
25,36.575855820271556,2.7627356179591027,2,3.8725320029496935,0
57,20.15781677725338,2.6848836341587416,6,9.729901782965474,0
36,28.74130501447912,7.8282037471131245,8,7.451375359968169,0
59,21.301070623267655,6.852297789983415,6,8.361078979637721,1
58,25.14287039158132,5.609358892722078,4,3.5544920500585957,1
54,34.22185570253159,5.816454092923121,4,3.3294086562201324,0
23,28.472398846112863,4.496582355220569,6,3.1361363525765684,0
43,26.269542273206923,7.576725336868153,4,4.321558194414111,1
51,26.678478128540775,3.9700700230588923,8,5.900858784029466,1
23,28.107828904931708,3.044141678959156,9,9.550782933819761,1
54,35.27036396441525,1.304282695452728,1,6.199417614860434,0
50,37.625863156685156,6.289645218088464,4,5.031785737607706,0
39,39.017363103086424,5.8755514566047315,4,6.933546774637644,0
38,35.31187449761649,3.074840308193079,2,3.783542046943525,0
23,24.93895170645628,0.20154731167383488,6,7.2665412370348825,0
23,33.138963533903926,6.711978621744086,3,6.979023680313523,1
21,27.62726872921862,0.09134386763258906,7,8.543951233839968,0
47,23.602753685013127,5.629598237032408,5,9.906813281319168,1
28,36.4991747473703,7.762056877808456,4,4.756114302012774,0
47,18.84537967717115,3.5012906251856277,5,6.567595155626325,1
48,37.83876382697932,1.879787239967622,8,9.362057844233025,0
41,28.152504221744152,5.638968080347054,3,8.496329190959889,0
26,32.01843248978217,6.537025136124681,7,6.411844121705653,1
20,32.50578628852722,4.3714425286227785,6,9.617601547303444,1
48,37.6925902955438,7.7362822020491695,1,3.4006568546176656,0
57,32.00673300767856,0.4133497732636888,7,9.516990337988087,0
54,31.506538864721357,4.038364786436225,7,3.3535517466796456,0
53,19.46634489233518,5.747631578580401,1,6.8311332088027905,1
41,29.40497648279449,6.901123769193432,9,9.2330866360076,0
48,21.303718017974916,1.4340448952623204,6,4.83904660492912,0
23,34.223542911872684,6.400027854109451,2,6.30573949261611,0
19,29.268882257878836,4.421656605748362,5,5.270302153958767,0
37,32.965011142583776,3.1724294559197057,4,9.66500741953446,1
45,18.916803813252454,1.0537202286327485,7,8.765519163271636,0
28,19.865424353007672,6.922366071271299,8,7.963010579284657,1
21,33.759114537379006,1.2581856654377228,1,7.113388906305761,0
32,19.585855391970814,2.478302873672794,5,8.744142525269037,0
23,19.56764801083569,2.320364255699495,3,5.74586929066483,0
47,18.266386455167524,6.971312273526834,1,6.132862985742433,1
55,39.04303076258856,5.381623953671184,3,8.11001204756603,0
19,34.22518390809815,6.373451177530979,6,5.504283343056,0
32,25.77153098704541,2.003743190339992,7,3.4473065943386167,0
28,24.523782788328415,4.998992796855991,8,3.5203422622025,1
25,25.69347105440869,4.5739678651499895,4,3.807539609139927,1
43,35.042377685986,6.662643014306169,3,9.08776926340564,0
22,32.55015344354912,7.248696483850084,5,6.30558498029343,0
23,22.074302493084296,0.09725417181909446,9,7.990176585413155,0
43,21.830405377349855,5.392159352470341,6,5.750365349234253,1
21,20.16470429369474,0.41468639295783216,9,4.810976631909441,0
36,32.52665983342944,4.390869320618847,6,5.430345172935484,0
37,34.81619856887819,2.3010618323494256,2,8.559276417220286,0
50,23.83102142315009,2.4542127961771296,5,7.376512875220067,1
37,18.46078914268008,2.8236680276188526,9,9.563478459705316,0
29,19.8077766844814,4.970339592396881,8,7.757933450037838,1
18,39.29292076659067,2.6723997253501537,7,6.991271422282858,0
43,24.499785104503246,5.861592404722243,1,7.271372062900841,1
31,34.92290925243894,3.2362190845909575,4,9.596600076278902,0
55,31.742598514793805,0.5468256024796689,7,8.517406509066943,0
54,26.40267207236371,6.270078739872858,7,3.1682886615650645,1
28,22.52511976830221,2.286066596741648,6,6.738977872949881,0
53,20.67050119950694,3.462135036794101,8,7.818368880825954,1
30,31.530285296855066,5.483551065775212,6,8.240889349074084,1
20,35.04194317403133,2.659649257189696,3,4.4919948351975565,0
50,32.165893577904875,0.452685249173725,4,9.070241481159465,0
23,29.66664693148148,2.9913683761025087,3,9.690902030226146,0
27,18.922926915496,7.555588661554427,1,4.6570071409140885,1
22,39.306753107076446,5.1338751783884655,5,9.17830820262072,1
40,35.57171221640064,5.371833189337655,1,3.6788513376126675,0
27,24.442084807421224,5.058257229101119,1,3.389947852806716,1
19,39.55934724589471,1.5919371116754943,2,3.9045666007192454,0
30,31.241394971999085,3.346670912818241,4,3.404187556269252,0
57,30.813298480559425,6.007518386906546,6,8.915085660090432,0
19,34.45760994744971,0.8109831804252732,8,3.4133510112079035,0
37,35.85893533798303,2.222822208717698,3,4.901649339545589,0
18,32.442529361293055,2.210552867726829,1,3.7262944047509947,0
54,20.818106420056402,3.456151420756048,3,5.067954254196355,1
26,25.441885131878966,7.8429499275374805,3,3.6339162732064434,1
34,38.41784008717309,0.5400203734705755,5,7.676022755201098,0
26,22.94154346056474,4.14960795504476,4,3.933287714398026,1
28,26.187674524425294,1.4349174560976836,4,8.962921480872215,1
32,27.505691424772312,7.765412363277953,9,8.720337355086487,1
41,27.66690977327795,0.9064280378197136,7,3.095631798294266,0
55,31.48467081487956,3.22880801889273,4,9.270084488605802,0
52,38.74766843038357,5.9030798786768495,3,3.2026102172035693,0
47,23.295239660315108,5.636435424219562,6,4.677520494702897,1
48,20.673030278620196,3.381829095151458,3,3.226723964431965,1
22,22.34435077691862,2.772193343621746,6,5.350904409275212,0
31,37.512347804603934,3.1808990284229646,9,6.597065679992902,1
28,32.20783787841453,2.1142101052691142,6,8.576514083105966,0
26,24.289949363261524,1.6426635096543984,4,5.365870853288853,0
51,35.950832657309576,3.86431758047112,5,7.938430172711817,1
29,36.95013991999559,2.1482700485408586,6,4.312531199832862,0
52,36.623315451186116,2.299693319178001,3,8.254189197208884,0
52,38.2163837400702,5.2540485077964565,8,4.651976241364663,0
18,23.549302443813957,7.748298653599138,4,4.004813291606375,1
57,34.61092243241812,4.829097604475001,8,4.29786195261838,0
39,28.13186894003108,0.6158357365197302,3,4.274441902172988,0
46,36.52396816358136,0.6046689108325358,7,6.590040155638938,0
25,34.02679489755549,7.611385766764528,9,8.913583068317022,0
28,35.081843822993946,2.378326322458669,4,3.5572355389475394,0
58,32.43556042898357,0.7365358886598035,8,7.948694229453959,0
54,21.90343292833355,4.7923566972030525,3,7.580425217570004,1
31,29.990592215732644,4.989190226322129,7,9.107639662805536,0
47,39.66273426953918,5.188038560949505,3,4.70903292354835,0
52,38.62253746293662,2.1392162228603304,7,6.150769010795207,0
38,18.949822187534256,0.12088547371580027,6,9.480791621104622,1
54,21.625925946047616,7.720122955635775,2,7.61995415094722,1
22,20.898033016000362,2.00714436552882,3,5.721378890031178,0
36,33.9715580196765,5.40821030442038,6,3.9198866799868792,0
31,35.99127725685279,5.653038959029677,4,4.837395055304137,0
43,22.697250058834783,4.8800593366358855,6,7.068508342425683,1
21,29.128759244940237,2.5032591537091857,1,8.027175632923596,0
42,36.495466616246404,2.168770030112526,1,3.8709532079632543,0
59,34.12163398485751,4.781346261621625,3,7.197180820308378,0
42,29.929218520820662,6.928765068893532,8,6.852458951871257,0
35,30.987649190093002,7.573869831387165,8,6.5976881268349565,0
57,29.18393203215816,0.847246435230061,4,7.830861823774056,0
25,24.546065929014052,1.2386289007817588,6,8.862147165584233,1
56,30.430483842898354,7.557890070264637,8,5.260927782238078,0
57,33.155476645102,5.8922818266783406,7,9.223085330776716,1
31,37.213104148937774,7.0639505986381845,7,4.124435288329854,0
49,31.99840978754346,1.6210610730827453,4,4.211167088258151,0
55,34.74467381494948,4.700686968875215,9,4.867404445367468,0
50,21.521575969000605,5.609116755339789,6,3.8367160868295445,1
40,28.154264437235376,5.440895083575781,3,4.612234572780143,0
32,18.205295636196052,3.265213526933585,5,3.7448823403199123,1
50,23.426935019475707,0.12315913353046781,5,8.752266918897732,1
42,33.98215773248611,4.663408454434105,5,3.972782943206372,0
34,39.819818929685994,2.02481231343687,8,8.231082902918999,0
50,20.18191819091875,3.6020339691431227,9,3.3353970753933364,1
19,26.83287494894834,7.660648120670539,9,9.639642292597406,1
31,35.60156131138151,3.1922825411394777,6,7.978120612694363,1
57,22.488783961835775,6.718412853315414,6,3.0475758401027826,1
57,30.211868884650297,1.508324845994009,9,8.346995501401498,0
56,34.12756851265284,5.379683984200231,4,6.598573445363297,1
23,31.551679905723937,7.816055635511548,6,8.455556192345838,1
23,22.136544161539156,0.8151448069834943,4,6.657477662234119,1
20,25.81846051108627,0.0665595378175361,1,7.487174003447483,0
24,35.24341925867874,3.4686623410609148,7,8.504321587765283,1
25,30.192983310904367,0.7410038644109376,6,5.835756382114997,0
59,18.11505149794408,5.987074797409851,9,3.0189570487431645,1
32,34.74179672061807,7.316389310788471,7,8.949625471616319,0
46,18.77684980868526,3.4721677816700707,7,5.666232538372638,1
50,34.4061432200871,2.0696931372435277,2,6.4722990821160815,0
47,22.454572323635222,3.4752265520528782,9,3.054366495077781,1
56,39.07761656262636,5.787582542800008,9,6.444644072450686,1
44,26.09469652864586,0.07243329264296783,6,9.905411811002107,1
53,25.192495559437738,4.7156319158775775,3,4.947873625731388,1
46,21.27553710731378,4.9063334790990325,1,5.7679278916966465,1
55,24.72329274078473,5.101505975167484,4,7.8103299752807365,1
50,37.286316760220416,1.9361766398470177,3,8.703555672665612,0
54,39.919355427799445,5.712421787025014,1,5.921741368042702,0
44,26.102809671150663,0.7311318906542112,3,5.167682092809048,0
50,27.869433880999935,1.5941626917344065,4,9.564780599895471,0
21,33.88556064046021,7.019760373235855,8,7.740014766701685,1
39,37.49630717023164,5.909785205812531,9,3.8331491314519877,0
19,31.04697535210925,0.10996443209076201,3,3.4824951469425405,0
27,26.613565359912243,1.9870100829584016,6,6.384848955532584,0
22,27.07768049866972,1.7152518639453165,5,4.540630462330907,0
27,33.30359922292975,2.1664506242957806,6,4.777893273633774,0
50,18.07080179929413,1.9804781622390912,4,9.143845251794938,1
55,31.630965424116496,0.5002103659427659,6,3.6269621702141746,0
30,25.820846229709865,3.6715241327745627,7,8.007548806602227,1
48,35.472341288095855,5.861867798289321,9,4.897995773664117,0
53,20.04579407610891,4.853853797739491,7,8.322297549828964,1
41,30.94044987286459,5.382973348784638,6,8.056879691244813,0
32,28.581403577494722,0.6491934282899132,1,3.051743310110051,0
46,32.131161569915,7.611925681414298,2,6.563947890451194,0
25,19.426779078625305,6.707934670744199,1,3.9752363766463246,1
22,30.75964332341889,6.440722547965302,9,9.063589214050737,0
46,30.352660935109522,6.58387044033414,9,9.101101180036846,1
21,30.33452207715576,7.461684065062091,7,5.928420652456307,0
29,31.276728665122008,4.354031728909582,2,6.110769329157564,0
19,32.88229461897997,1.6022561429410072,6,5.12298057583169,0
44,35.70975799297693,4.934268862820329,4,8.016244092720218,1
48,23.936055842820714,5.943051949343512,1,5.510629541185214,1
53,36.15108702396137,5.903339146832203,1,4.8745473216584365,0
53,28.96162500979598,4.171592193335041,5,6.025617416531558,1
43,19.695282140955285,0.5476697546686244,2,3.640412628712211,0
44,19.288120443367543,2.9689035074410226,4,8.226222432509427,0
22,25.35324301131334,7.366132867706859,1,3.088174808902509,1
37,35.26773349645229,4.675591278059408,4,7.511395430644157,1
28,33.56898056430015,4.306655546045707,6,4.280051687284107,0
27,35.34952922279294,2.150828115057548,4,4.626828323500892,0
57,29.379919241715406,2.9475913593326313,1,7.4494239904802795,0
55,27.684377955020793,7.162768713225354,7,9.95060426048035,0
23,21.243955587538245,5.331704380214686,2,8.444022423507855,1
25,25.220240579404855,6.299096214018663,9,4.580877425563743,1
40,27.548426055825256,3.634763384541241,3,4.232173285287937,0
43,19.949209452951578,5.041977755649263,8,9.063630091873693,1
29,22.85346295964665,1.9870688699456602,8,6.10928763545053,0
43,31.160956469402254,5.64368664226789,3,3.959369619797088,0
30,34.18458851326218,3.4208106696266984,4,9.035479963253568,1
57,39.96364525064489,3.5403641185179646,2,8.712646470399829,0
35,38.52849328955827,5.194578596615053,4,9.887344547280145,1
42,32.136434389774216,7.490244971751413,9,9.368205806988787,0
50,27.267457172469584,0.5120507728689674,2,8.96253237062379,0
57,31.99590202358112,6.597945898776061,3,3.368020784677022,0
29,35.28433559776511,2.339064883297545,4,3.7309075864868264,0
53,20.60339620031452,3.5513556360510226,5,6.98288236012886,1
21,27.01790757331834,0.17530663020007164,1,6.720354723972746,0
22,36.47565028398358,2.4083686226745042,7,6.205742501426748,0
54,26.44432494252697,4.021049941041044,7,5.77752527790209,1
25,30.581189966998103,0.4494086187795121,9,6.018473394050302,0
59,30.93092593896836,3.928765835065321,4,6.985085538943567,1
45,22.058477568940067,7.416885030867419,6,3.0145356232005684,1
48,25.969179716350347,0.8431457448624418,2,4.824961418929965,0
26,25.359248352322506,6.115525824604035,4,6.627958044820978,1
46,18.576327587705425,3.277368427007941,2,8.055512690715524,1
31,18.532218805609816,5.241389716194704,5,4.2190968467677745,1
57,36.29733496086702,2.081892783881835,7,6.828168216512031,0
58,24.007557819401875,1.2759381003308663,1,8.001217787200472,1
39,29.397732857253942,1.2837009141698115,7,6.112393605397333,0
28,24.57196261895301,0.5639355651451572,6,3.1895679356903575,0
40,38.694943392537496,1.4851736392099442,6,6.144877109259458,0
18,23.704528695047024,5.313755079911746,8,5.075114214209072,1
54,27.452449880256573,7.053524894748064,8,9.507547253909298,1
38,37.20006551066124,6.513005484729295,6,3.8722936997482913,0
43,36.522538469419786,5.481074478995873,3,7.567331688550625,1
53,22.0942311926181,0.8834549072888214,5,3.369038364341508,0
40,35.65815281550563,2.3134995703675987,2,6.123193064688875,0
18,28.08011150823364,2.478455002579752,5,6.877856410540565,0
57,28.625315185877817,1.9996555711809698,9,5.085684519218058,0
32,20.936559393150763,4.120045277677785,1,6.185529448642691,1
38,19.77323330265674,4.284430519037381,5,4.144876561711312,1
26,34.014664753422835,2.8550878013688816,6,5.128866946276253,0
26,28.922145351816596,2.830313269891488,7,7.347744274371421,0
27,27.61071545753395,6.628444783248651,9,5.112600391028086,0
43,34.04918103035273,6.314342786557485,6,9.298201548862103,1
58,34.84128377780441,2.462366653445965,5,7.398848703486928,0
52,21.49597968872578,7.310307550986074,7,6.070543129051892,1
42,31.424953288508107,7.622520136020048,1,3.2712985488792774,0
43,20.97778981010908,2.6139403362403266,5,6.496838346432699,1
28,34.530251892639,2.835399590344439,2,8.353433694875624,0
55,32.45301343787707,4.045073227375671,4,4.858903186086895,0
19,39.04552166383608,7.528966500269388,7,8.64741498754137,1
24,19.517076359841266,7.010555465138492,5,4.76264736235617,1
35,19.255203865327594,0.8205437006687184,6,8.766224715655603,1
44,24.2081156432504,3.1418459461713297,2,3.596878391281742,1
51,23.757525042189933,4.426969517998175,3,9.063285962083206,1
44,23.433533579583994,4.02505978041232,7,6.494305156533313,1
34,37.93760077146281,1.5509045434951414,2,5.075763127341834,0
41,23.490016396689136,6.8705341693452375,6,4.855792752906042,1
42,23.98289397482988,5.415526263974699,5,6.024073912512539,1
24,34.7067617731952,6.703266998814429,1,9.993346486725514,1
23,27.894276533911878,6.8701142347957775,4,4.542291754063077,0
41,35.087632253013986,5.986846829325918,2,3.7225165421529973,0
50,19.438055466416476,3.5136848099977387,4,7.0952461810306335,1
46,28.726566260814455,4.884374040123396,1,6.4197972650818,1
39,18.739499204032217,1.2829232489579452,2,6.669373897443151,0
43,19.3783704760178,5.3891633397992615,8,7.66854792290052,1
45,37.94162397357704,1.434026045914246,6,4.870008489094545,0
38,21.063398164587092,5.5515967240812545,2,9.374654967687219,1
24,29.713255010054777,1.8367852860317493,6,6.049704462856033,0
34,27.044103257215546,0.9404104012017598,9,3.9036033659972325,0
37,25.64155317769454,1.3222759211436594,7,8.19609129713761,0
58,37.79633360512,0.015937081752562143,9,7.5017304683249515,0
37,18.48011472906077,5.749916942828242,5,5.21020381738826,1
39,32.60337309586296,5.859208392467033,7,7.350631068238339,0
45,39.19467755269811,4.119466799306076,7,4.539033694582838,0
57,30.323700036160524,1.2909024084430696,3,6.1138755153837065,0
24,38.610094164728025,0.668434700085518,7,9.295887655171278,0
18,19.149673344292523,0.15303173149829608,1,3.934739632125246,0
49,27.21345301963155,1.3259854157217656,9,5.706875149912234,0
30,23.723471401165128,7.126844279865174,6,8.747996973042431,1
47,34.07806122957605,1.9322947336134542,5,9.786436295843247,0
40,39.58853599093943,2.8341706177377253,7,6.177482954952572,0
36,23.64366137377345,0.8427638758506655,5,6.548997341003432,1
49,32.39184123242964,1.7788904379853623,5,7.005203732486388,0
47,22.35814792071428,4.153796566241641,7,9.526436991435975,1
46,30.43726560057542,4.8620214647652205,7,9.007447536839209,1
46,28.2065147071434,1.9628185133296885,3,4.194207872351511,0
47,39.38411725189381,0.46185727380093766,3,6.057304724929525,0
33,31.387599999322262,3.128262953019189,3,6.248002997374984,1
57,25.689140185910013,1.8736269674106731,6,8.523672781541297,1
36,20.510107267534533,1.7564313858384155,6,7.220250178238047,0
35,21.32743023216856,7.678902421707642,3,7.579543234203091,1
18,22.956972458927172,4.9304038874057925,3,9.987399353659324,1
31,23.521266549486555,4.455027545376767,8,3.524720304290091,1
19,36.71355327250503,3.3262008281865754,8,4.561068764736131,0
45,30.34690134221555,3.431554667441154,7,5.855271561600828,0
47,29.514600050236062,4.327240030704647,4,5.43447682134221,0
55,20.524915181122786,5.571438456288858,4,3.1515189294288852,1
21,36.92307325368757,5.6171687694546355,3,3.6424432452982307,0
18,33.90191467058664,1.3735512616435965,5,7.766673039825033,0
25,19.488703961800034,4.000902016613016,3,9.155271243537925,1
46,33.57237213905491,3.2956647602728157,8,6.599589078861843,1
56,29.957840781538213,6.964215730155074,7,6.774337556595431,0
20,19.797957606429122,5.051351369747011,3,4.785654029826656,1
49,28.08261411363044,4.260032531327854,9,8.37513454543598,0
27,28.663318316861034,0.923157137431339,5,8.262562111570794,0
27,21.647039883592065,4.845103114587292,9,7.118559824523596,1
36,38.80535923400621,0.9376312454418674,7,4.4886500055794,0
51,36.699458172574566,2.6976526045260165,7,3.679127527659626,0
50,32.71849142124039,1.142735718514655,6,3.449670030999881,0
40,28.170502342013357,5.536589176194951,2,7.148872466500144,0
45,27.058841914859187,1.6500169106892209,9,8.7752472339996,0
49,32.32141627732099,3.134874985504208,6,9.008313022466474,1
24,29.99950112695192,7.165398220950229,8,6.245354520404149,0
46,19.370008329401482,1.6345310671917623,1,8.489899095147019,1
25,29.275058272947298,4.062440511670233,5,9.628161374387165,0
18,35.74087957912247,3.354173289328176,1,4.926190787416476,0
20,28.103277307133077,0.14499232836583786,8,5.7857224246653,0
41,19.143044706193905,6.342064908582502,8,9.520352948176765,1
40,35.29812038644873,0.5523672505167978,1,5.367616771220995,0
25,22.430003206991437,3.794040167815629,9,9.397134032252573,1
54,23.689658367536854,4.4854263595115995,2,9.86731403578126,1
20,21.62353977551051,5.027411652916697,9,7.632675100020973,1
50,25.264731427172947,5.509053034463005,1,8.71823202652918,1
45,34.64853312514997,2.0261790681817207,9,8.246818949547595,0
25,29.426488909086622,0.07983021326759498,4,7.896739803308667,0
51,22.507388031315678,5.787549298839296,9,5.148517510868627,1
52,37.3122617193449,4.285252794780629,7,3.399660365355606,0
49,37.35080080893364,6.68894162565799,6,5.4013621276375545,0
41,37.15272535101215,6.571106903205554,5,7.6685518964273465,1
31,23.253516650393863,6.746609342303065,9,3.7177043875946096,1
49,27.92726557198174,3.8807572798363212,2,3.0834258808476944,0
33,39.66977243509925,2.6690271666949252,2,3.9778466082205703,0
21,34.984274478819785,6.33246562073096,9,8.010151484875568,1
54,18.597683266962317,3.6103529042340394,3,9.809555911595108,1
38,19.434501007730827,1.467537571227476,8,9.881452897303744,0
31,28.20649028987132,6.839792156491795,9,6.457854043981316,1
48,38.00284452895433,7.060479014178778,8,9.08546610694643,1
35,29.85143955495971,3.730478049121361,4,8.15778519026053,1
24,28.951875176754385,0.6055978184782997,1,6.507281658892224,0
27,20.320421399045873,3.10260871933545,4,7.009323730685607,1
24,32.44916230393447,6.428301275700827,9,3.9605900263180978,0
50,36.086269533204955,7.214192228369829,2,9.563630224316144,0
40,26.36924016516637,1.6277819399807667,3,5.463508395122437,0
38,35.063460720357206,0.5357888962021722,8,6.123044795200187,0
36,39.218486385817855,7.018803625062709,6,7.701621616985291,0
36,22.48286210080916,3.1152395118310023,8,5.337317300685878,1
53,29.51325188628431,4.334087714140506,7,4.779814126922513,0
46,24.317035077860663,7.744526496406071,5,7.417345752891544,1
35,35.44279721874447,0.5325178233137828,9,3.174888575972946,0
19,30.707054049385466,5.1865440596167645,4,8.045075784186752,1
18,31.960813186106684,0.5928433805989366,6,6.598163589135568,0
22,35.55411151154967,3.003751427732003,2,7.240276113646541,1
37,26.711350398574005,6.430516361547574,2,7.423161114728196,1
28,38.13198150495495,3.467777862045075,2,6.689351095447946,1
59,29.72663507941508,7.977458831223603,7,7.077736442085152,0
19,21.475006102377655,4.472474279572817,2,7.786517406229122,1
20,33.309780599713655,2.569297221087628,2,8.271831930257719,0
40,35.4517497096416,1.760890607238025,9,8.092166739002844,0
29,24.968756895485587,2.8041642742892945,7,9.087315204125833,0
37,36.85794365397257,2.9802661900764065,3,4.32610403217182,0
22,37.935151604846865,0.5497094217916878,3,5.8080357864425824,0
54,24.091898722311797,2.9565935954141853,7,9.6345724621012,1
55,39.63747239973489,3.7139081579137994,5,5.776134020704308,0
47,21.095653617072685,5.781902017910437,6,3.874090538341459,1
26,22.444344704854778,5.253835877772864,8,6.678115884535257,1
51,22.052946463236573,5.670125241833234,9,3.7664368078812354,1
52,37.66777362017315,0.06690945501485679,1,4.419972671095056,0
39,32.394436151149165,1.7413391966442884,3,9.988231295996698,0
41,21.346294230890003,5.293474307198852,7,6.789538468772924,1
34,27.687115204103677,3.871914945437977,6,4.988408723283003,0
27,31.536556551535647,0.04250780534676757,7,9.963424682017344,0
47,19.83620986976643,6.435957139454579,8,9.765912429886002,1
40,37.41316010496145,6.182476586322699,6,6.0851732875898445,0
49,35.67927777971377,4.387353303948501,3,4.822821761515359,0
34,29.11454901868604,0.531706606210177,2,8.86879746664533,0
34,39.27678553570175,6.132120396260677,7,8.0093450188025,0
31,27.190741544052194,4.669708701850912,1,7.808590045024572,1
26,39.65042701880295,6.255679817263673,3,9.251796189257309,0
57,32.6942399736798,6.013975939166723,4,7.825919937099273,0
19,31.96276801158671,6.424016575662697,1,4.9865856012908445,0
42,21.65100769650727,4.144064531236999,5,7.8570421331301254,1
56,37.40241068270217,1.12259614554812,3,5.140694578985648,0
26,27.40477313425353,5.369259787037509,2,8.314672857598964,0
39,21.569134927214545,4.963790280415765,3,7.338234981440962,1
